host,ip,port,country,city,country_name,asn
175.202.8.44:50001,175.202.8.44,50001,KR,Seongnam,韩国,4766
175.199.61.63:50001,175.199.61.63,50001,KR,Seongnam,韩国,4766
183.108.26.140:50001,183.108.26.140,50001,KR,Wonju,韩国,4766
115.23.196.54:50001,115.23.196.54,50001,KR,Seongnam,韩国,4766
220.124.179.82:50001,220.124.179.82,50001,KR,Seongnam,韩国,4766
121.175.13.244:50001,121.175.13.244,50001,KR,Busan,韩国,4766
222.109.26.161:50001,222.109.26.161,50001,KR,Seongnam,韩国,4766
222.109.29.179:50001,222.109.29.179,50001,KR,Seongnam,韩国,4766
121.145.69.220:50001,121.145.69.220,50001,KR,Seongnam,韩国,4766
121.181.94.66:50001,121.181.94.66,50001,KR,Seongnam,韩国,4766
183.100.19.19:50001,183.100.19.19,50001,KR,Seongnam,韩国,4766
119.193.217.56:50001,119.193.217.56,50001,KR,Guri,韩国,4766
222.117.140.80:50001,222.117.140.80,50001,KR,Seongnam,韩国,4766
211.63.246.86:50001,211.63.246.86,50001,KR,Seongnam,韩国,4766
121.157.71.100:50001,121.157.71.100,50001,KR,Seongnam,韩国,4766
59.8.77.68:50001,59.8.77.68,50001,KR,Seongnam,韩国,4766
175.203.2.185:50001,175.203.2.185,50001,KR,Nonsan,韩国,4766
14.55.225.142:50001,14.55.225.142,50001,KR,Seongnam,韩国,4766
121.185.249.142:50001,121.185.249.142,50001,KR,Pyeongtaek,韩国,4766
218.149.116.227:50001,218.149.116.227,50001,KR,Seongnam,韩国,4766
221.161.185.219:50001,221.161.185.219,50001,KR,Seongnam,韩国,4766
61.106.187.170:50001,61.106.187.170,50001,KR,Seongnam,韩国,4766
221.164.98.88:50001,221.164.98.88,50001,KR,Seongnam,韩国,4766
59.23.175.132:50001,59.23.175.132,50001,KR,Seongnam,韩国,4766
118.41.232.155:50001,118.41.232.155,50001,KR,Seongnam,韩国,4766
119.195.233.124:50001,119.195.233.124,50001,KR,Seongnam,韩国,4766
175.208.140.189:50001,175.208.140.189,50001,KR,Seongnam,韩国,4766
175.202.28.114:50001,175.202.28.114,50001,KR,Seongnam,韩国,4766
175.206.201.181:50001,175.206.201.181,50001,KR,Seongnam,韩国,4766
211.48.114.229:50001,211.48.114.229,50001,KR,Seoul,韩国,4766
121.143.95.1:50001,121.143.95.1,50001,KR,Goyang,韩国,4766
118.40.208.225:50001,118.40.208.225,50001,KR,Seongnam,韩国,4766
125.134.80.243:50001,125.134.80.243,50001,KR,Busan,韩国,4766
121.148.149.162:50001,121.148.149.162,50001,KR,Seongnam,韩国,4766
121.154.109.101:50001,121.154.109.101,50001,KR,Seongnam,韩国,4766
119.195.77.146:50001,119.195.77.146,50001,KR,Seongnam,韩国,4766
221.164.132.47:50001,221.164.132.47,50001,KR,Daegu,韩国,4766
211.197.62.52:50001,211.197.62.52,50001,KR,Seongnam,韩国,4766
175.196.45.201:50001,175.196.45.201,50001,KR,Guri,韩国,4766
221.163.102.207:50001,221.163.102.207,50001,KR,Seongnam,韩国,4766
220.90.180.182:50001,220.90.180.182,50001,KR,Seongnam,韩国,4766
121.185.201.166:50001,121.185.201.166,50001,KR,Seongnam,韩国,4766
175.205.194.8:50001,175.205.194.8,50001,KR,Seongnam,韩国,4766
222.105.5.151:50001,222.105.5.151,50001,KR,Seongnam,韩国,4766
175.208.66.219:50001,175.208.66.219,50001,KR,Seongnam,韩国,4766
211.51.224.120:50001,211.51.224.120,50001,KR,Suncheon,韩国,4766
221.167.149.221:50001,221.167.149.221,50001,KR,Seongnam,韩国,4766
121.143.17.146:50001,121.143.17.146,50001,KR,Seongnam,韩国,4766
118.46.82.136:50001,118.46.82.136,50001,KR,Seongnam,韩国,4766
222.114.57.191:50001,222.114.57.191,50001,KR,Seongnam,韩国,4766
59.22.241.121:50001,59.22.241.121,50001,KR,Seongnam,韩国,4766
221.158.11.177:50001,221.158.11.177,50001,KR,Seongnam,韩国,4766
221.154.46.231:50001,221.154.46.231,50001,KR,Seongnam,韩国,4766
121.137.109.143:50001,121.137.109.143,50001,KR,Seongnam,韩国,4766
118.33.235.47:50001,118.33.235.47,50001,KR,Seongnam,韩国,4766
211.220.16.55:50001,211.220.16.55,50001,KR,Seongnam,韩国,4766
211.248.80.146:50001,211.248.80.146,50001,KR,Cheonan,韩国,4766
125.134.241.76:50001,125.134.241.76,50001,KR,Geoje,韩国,4766
220.94.220.61:50001,220.94.220.61,50001,KR,Seongnam,韩国,4766
59.22.180.112:50001,59.22.180.112,50001,KR,Seongnam,韩国,4766
112.187.57.8:50001,112.187.57.8,50001,KR,Seongnam,韩国,4766
128.134.6.234:50001,128.134.6.234,50001,KR,Seoul,韩国,4766
121.177.244.57:50001,121.177.244.57,50001,KR,Seongnam,韩国,4766
59.15.178.98:50001,59.15.178.98,50001,KR,Seoul,韩国,4766
121.187.18.226:50001,121.187.18.226,50001,KR,Seongnam,韩国,4766
121.128.146.39:50001,121.128.146.39,50001,KR,Seoul,韩国,4766
59.1.62.95:50001,59.1.62.95,50001,KR,Seongnam,韩国,4766
211.220.12.202:50001,211.220.12.202,50001,KR,Seongnam,韩国,4766
221.164.142.10:50001,221.164.142.10,50001,KR,Seongnam,韩国,4766
211.248.217.7:50001,211.248.217.7,50001,KR,Yeongwol,韩国,4766
125.135.0.251:50001,125.135.0.251,50001,KR,Seongnam,韩国,4766
https://222.97.1.10:50001,222.97.1.10,50001,KR,Seongnam,韩国,4766
220.84.137.110:50001,220.84.137.110,50001,KR,Jinju,韩国,4766
121.139.183.69:50001,121.139.183.69,50001,KR,Ansan,韩国,4766
218.149.105.97:50001,218.149.105.97,50001,KR,Gwangju,韩国,4766
112.164.177.150:50001,112.164.177.150,50001,KR,Boseong,韩国,4766
121.148.86.173:50001,121.148.86.173,50001,KR,Seongnam,韩国,4766
121.166.207.160:50001,121.166.207.160,50001,KR,Seongnam,韩国,4766
218.154.47.250:50001,218.154.47.250,50001,KR,Seongnam,韩国,4766
218.148.7.82:50001,218.148.7.82,50001,KR,Seongnam,韩国,4766
218.152.226.188:50001,218.152.226.188,50001,KR,Seongnam,韩国,4766
125.141.38.50:50001,125.141.38.50,50001,KR,Seongnam,韩国,4766
175.211.93.100:50001,175.211.93.100,50001,KR,Seoul,韩国,4766
121.167.54.167:50001,121.167.54.167,50001,KR,Seongnam,韩国,4766
14.46.174.78:50001,14.46.174.78,50001,KR,Seongnam,韩国,4766
119.207.181.198:50001,119.207.181.198,50001,KR,Seongnam,韩国,4766
218.144.246.228:50001,218.144.246.228,50001,KR,Seongnam,韩国,4766
175.207.201.57:50001,175.207.201.57,50001,KR,Seongnam,韩国,4766
118.46.112.167:50001,118.46.112.167,50001,KR,Gimhae,韩国,4766
121.177.10.111:50001,121.177.10.111,50001,KR,Seongnam,韩国,4766
112.167.171.109:50001,112.167.171.109,50001,KR,Seongnam,韩国,4766
210.204.242.51:50001,210.204.242.51,50001,KR,Seongnam,韩国,4766
211.48.233.12:50001,211.48.233.12,50001,KR,Seongnam,韩国,4766
112.187.35.37:50001,112.187.35.37,50001,KR,Seongnam,韩国,4766
218.149.149.172:50001,218.149.149.172,50001,KR,Seongnam,韩国,4766
121.187.30.193:50001,121.187.30.193,50001,KR,Seongnam,韩国,4766
211.251.201.69:50001,211.251.201.69,50001,KR,Seongnam,韩国,4766
121.143.196.49:50001,121.143.196.49,50001,KR,Seongnam,韩国,4766
119.206.76.211:50001,119.206.76.211,50001,KR,Seongnam,韩国,4766
61.83.53.33:50001,61.83.53.33,50001,KR,Seongnam,韩国,4766
121.186.141.215:50001,121.186.141.215,50001,KR,Seongnam,韩国,4766
220.87.38.123:50001,220.87.38.123,50001,KR,Seongnam,韩国,4766
61.85.66.183:50001,61.85.66.183,50001,KR,Dalseong,韩国,4766
61.74.102.249:50001,61.74.102.249,50001,KR,Seongnam,韩国,4766
175.202.12.75:50001,175.202.12.75,50001,KR,Seongnam,韩国,4766
59.31.68.195:50001,59.31.68.195,50001,KR,Chungju,韩国,4766
59.31.155.92:50001,59.31.155.92,50001,KR,Seongnam,韩国,4766
202.30.23.86:50001,202.30.23.86,50001,KR,Daejeon,韩国,4766
14.32.177.121:50001,14.32.177.121,50001,KR,Seongnam,韩国,4766
222.99.169.34:50001,222.99.169.34,50001,KR,Seongnam,韩国,4766
121.176.211.233:50001,121.176.211.233,50001,KR,Seongnam,韩国,4766
175.202.134.98:50001,175.202.134.98,50001,KR,Seongnam,韩国,4766
211.198.136.117:50001,211.198.136.117,50001,KR,Seongnam,韩国,4766
119.204.199.18:50001,119.204.199.18,50001,KR,Seongnam,韩国,4766
121.149.196.173:50001,121.149.196.173,50001,KR,Seongnam,韩国,4766
220.124.84.223:50001,220.124.84.223,50001,KR,Seongnam,韩国,4766
125.134.172.40:50001,125.134.172.40,50001,KR,Seongnam,韩国,4766
175.214.237.120:50001,175.214.237.120,50001,KR,Seongnam,韩国,4766
220.78.242.43:50001,220.78.242.43,50001,KR,Namdong,韩国,4766
61.73.70.207:50001,61.73.70.207,50001,KR,Seongnam,韩国,4766
112.167.124.139:50001,112.167.124.139,50001,KR,Seongnam,韩国,4766
211.184.107.70:50001,211.184.107.70,50001,KR,Seongnam,韩国,4766
59.6.213.188:50001,59.6.213.188,50001,KR,Seoul,韩国,4766
121.153.94.6:50001,121.153.94.6,50001,KR,Seongnam,韩国,4766
59.27.113.110:50001,59.27.113.110,50001,KR,Daejeon,韩国,4766
211.184.51.230:50001,211.184.51.230,50001,KR,Seongnam,韩国,4766
218.144.212.68:50001,218.144.212.68,50001,KR,Seongnam,韩国,4766
220.83.230.102:50001,220.83.230.102,50001,KR,Seongnam,韩国,4766
211.219.245.206:50001,211.219.245.206,50001,KR,Seongnam,韩国,4766
175.208.88.111:50001,175.208.88.111,50001,KR,Seongnam,韩国,4766
220.82.41.14:50001,220.82.41.14,50001,KR,Yesan,韩国,4766
211.55.151.167:50001,211.55.151.167,50001,KR,Namdong,韩国,4766
218.155.245.69:50001,218.155.245.69,50001,KR,Seongnam,韩国,4766
221.158.168.29:50001,221.158.168.29,50001,KR,Seongnam,韩国,4766
118.33.138.141:50001,118.33.138.141,50001,KR,Yangpyeong,韩国,4766
218.156.119.20:50001,218.156.119.20,50001,KR,Seongnam,韩国,4766
222.114.4.16:50001,222.114.4.16,50001,KR,Seongnam,韩国,4766
220.84.223.218:50001,220.84.223.218,50001,KR,Goseong,韩国,4766
118.43.89.135:50001,118.43.89.135,50001,KR,Inchon,韩国,4766
221.164.228.44:50001,221.164.228.44,50001,KR,Seoul,韩国,4766
121.168.35.34:50001,121.168.35.34,50001,KR,Seongnam,韩国,4766
121.135.76.195:50001,121.135.76.195,50001,KR,Suwon,韩国,4766
211.184.116.84:50001,211.184.116.84,50001,KR,Suwon,韩国,4766
220.80.232.197:50001,220.80.232.197,50001,KR,Seongnam,韩国,4766
121.132.235.18:50001,121.132.235.18,50001,KR,Uijeongbu,韩国,4766
118.44.228.95:50001,118.44.228.95,50001,KR,Seoul,韩国,4766
125.142.102.60:50001,125.142.102.60,50001,KR,Seongnam,韩国,4766
175.199.168.199:50001,175.199.168.199,50001,KR,Seongnam,韩国,4766
211.248.234.27:50001,211.248.234.27,50001,KR,Pohang,韩国,4766
222.118.77.67:50001,222.118.77.67,50001,KR,Asan,韩国,4766
112.184.45.203:50001,112.184.45.203,50001,KR,Seongnam,韩国,4766
61.83.79.155:50001,61.83.79.155,50001,KR,Yangsan,韩国,4766
121.149.177.218:50001,121.149.177.218,50001,KR,Seongnam,韩国,4766
210.101.111.224:50001,210.101.111.224,50001,KR,Namdong,韩国,4766
118.42.217.15:50001,118.42.217.15,50001,KR,Seongnam,韩国,4766
14.46.199.74:50001,14.46.199.74,50001,KR,Seongnam,韩国,4766
121.140.147.37:50001,121.140.147.37,50001,KR,Seoul,韩国,4766
121.177.37.10:50001,121.177.37.10,50001,KR,Seongnam,韩国,4766
121.187.94.196:50001,121.187.94.196,50001,KR,Seongnam,韩国,4766
183.106.223.223:50001,183.106.223.223,50001,KR,Seongnam,韩国,4766
119.205.103.161:50001,119.205.103.161,50001,KR,Seongnam,韩国,4766
121.187.35.13:50001,121.187.35.13,50001,KR,Seongnam,韩国,4766
121.191.210.194:50001,121.191.210.194,50001,KR,Seongnam,韩国,4766
211.217.188.169:50001,211.217.188.169,50001,KR,Seoul,韩国,4766
220.90.79.167:50001,220.90.79.167,50001,KR,Seongnam,韩国,4766
119.193.164.144:50001,119.193.164.144,50001,KR,Seongnam,韩国,4766
183.108.251.226:50001,183.108.251.226,50001,KR,Donghae,韩国,4766
121.154.156.72:50001,121.154.156.72,50001,KR,Seongnam,韩国,4766
211.184.145.91:50001,211.184.145.91,50001,KR,Seongnam,韩国,4766
221.158.170.74:50001,221.158.170.74,50001,KR,Seongnam,韩国,4766
121.131.42.144:50001,121.131.42.144,50001,KR,Seongnam,韩国,4766
211.38.109.252:50001,211.38.109.252,50001,KR,Seongnam,韩国,4766
125.135.43.66:50001,125.135.43.66,50001,KR,Seongnam,韩国,4766
175.208.110.53:50001,175.208.110.53,50001,KR,Seongnam,韩国,4766
175.208.183.84:50001,175.208.183.84,50001,KR,Seongnam,韩国,4766
221.144.112.122:50001,221.144.112.122,50001,KR,Gwangju,韩国,4766
211.251.205.152:50001,211.251.205.152,50001,KR,Seongnam,韩国,4766
221.168.168.125:50001,221.168.168.125,50001,KR,Seongnam,韩国,4766
61.85.97.23:50001,61.85.97.23,50001,KR,Seongnam,韩国,4766
119.199.238.31:50001,119.199.238.31,50001,KR,Seongnam,韩国,4766
118.42.202.56:50001,118.42.202.56,50001,KR,Seongnam,韩国,4766
221.164.8.208:50001,221.164.8.208,50001,KR,Seongnam,韩国,4766
221.161.207.216:50001,221.161.207.216,50001,KR,Seongnam,韩国,4766
125.132.168.97:50001,125.132.168.97,50001,KR,Seongnam,韩国,4766
59.0.62.15:50001,59.0.62.15,50001,KR,Mokpo,韩国,4766
https://112.165.215.157:50001,112.165.215.157,50001,KR,Seongnam,韩国,4766
211.220.52.226:50001,211.220.52.226,50001,KR,Seongnam,韩国,4766
220.76.60.187:50001,220.76.60.187,50001,KR,Seongnam,韩国,4766
119.192.235.87:50001,119.192.235.87,50001,KR,Seongnam,韩国,4766
175.215.246.85:50001,175.215.246.85,50001,KR,Seongnam,韩国,4766
125.132.203.87:50001,125.132.203.87,50001,KR,Seongnam,韩国,4766
220.124.107.169:50001,220.124.107.169,50001,KR,Seongnam,韩国,4766
183.108.70.184:50001,183.108.70.184,50001,KR,Seongnam,韩国,4766
121.169.173.210:50001,121.169.173.210,50001,KR,Seongnam,韩国,4766
220.80.20.7:50001,220.80.20.7,50001,KR,Seongnam,韩国,4766
119.195.96.236:50001,119.195.96.236,50001,KR,Seongnam,韩国,4766
118.39.57.71:50001,118.39.57.71,50001,KR,Seongnam,韩国,4766
121.131.212.114:50001,121.131.212.114,50001,KR,Seongnam,韩国,4766
112.167.52.57:50001,112.167.52.57,50001,KR,Hwacheon,韩国,4766
220.125.184.164:50001,220.125.184.164,50001,KR,Seongnam,韩国,4766
121.140.34.140:50001,121.140.34.140,50001,KR,Seongnam,韩国,4766
119.206.18.95:50001,119.206.18.95,50001,KR,Jeonju,韩国,4766
183.107.205.136:50001,183.107.205.136,50001,KR,Seongnam,韩国,4766
121.179.239.22:50001,121.179.239.22,50001,KR,Seongnam,韩国,4766
211.252.12.227:50001,211.252.12.227,50001,KR,Seongnam,韩国,4766
175.200.213.62:50001,175.200.213.62,50001,KR,Seongnam,韩国,4766
221.156.53.247:50001,221.156.53.247,50001,KR,Seongnam,韩国,4766
221.159.178.152:50001,221.159.178.152,50001,KR,Seongnam,韩国,4766
211.197.74.63:50001,211.197.74.63,50001,KR,Busan,韩国,4766
59.24.250.70:50001,59.24.250.70,50001,KR,Daegu,韩国,4766
121.151.82.205:50001,121.151.82.205,50001,KR,Seongnam,韩国,4766
175.199.46.179:50001,175.199.46.179,50001,KR,Seongnam,韩国,4766
115.22.153.73:50001,115.22.153.73,50001,KR,Seongnam,韩国,4766
221.145.146.223:50001,221.145.146.223,50001,KR,Seongnam,韩国,4766
222.119.111.223:50001,222.119.111.223,50001,KR,Seongnam,韩国,4766
221.163.88.207:50001,221.163.88.207,50001,KR,Suwon,韩国,4766
119.194.243.226:50001,119.194.243.226,50001,KR,Seongnam,韩国,4766
222.99.42.20:50001,222.99.42.20,50001,KR,Seongnam,韩国,4766
210.97.85.16:50001,210.97.85.16,50001,KR,Seongnam,韩国,4766
183.108.3.6:50001,183.108.3.6,50001,KR,Seongnam,韩国,4766
14.36.22.205:50001,14.36.22.205,50001,KR,Gwangmyeong,韩国,4766
220.74.120.102:50001,220.74.120.102,50001,KR,Seongnam,韩国,4766
118.47.43.14:50001,118.47.43.14,50001,KR,Seongnam,韩国,4766
222.119.143.202:50001,222.119.143.202,50001,KR,Seongnam,韩国,4766
121.137.42.14:50001,121.137.42.14,50001,KR,Seongnam,韩国,4766
121.131.104.228:50001,121.131.104.228,50001,KR,Seoul,韩国,4766
121.165.115.93:50001,121.165.115.93,50001,KR,Seongnam,韩国,4766
175.209.23.181:50001,175.209.23.181,50001,KR,Seongnam,韩国,4766
121.179.158.247:50001,121.179.158.247,50001,KR,Seongnam,韩国,4766
59.14.40.188:50001,59.14.40.188,50001,KR,Seongnam,韩国,4766
121.151.58.209:50001,121.151.58.209,50001,KR,Seongnam,韩国,4766
119.193.156.30:50001,119.193.156.30,50001,KR,Seongnam,韩国,4766
211.229.30.211:50001,211.229.30.211,50001,KR,Seongnam,韩国,4766
14.36.37.139:50001,14.36.37.139,50001,KR,Seongnam,韩国,4766
118.33.169.44:50001,118.33.169.44,50001,KR,Seongnam,韩国,4766
220.70.243.228:50001,220.70.243.228,50001,KR,Seongnam,韩国,4766
https://119.194.68.48:50001,119.194.68.48,50001,KR,Suwon,韩国,4766
220.72.106.250:50001,220.72.106.250,50001,KR,Seoul,韩国,4766
183.107.115.12:50001,183.107.115.12,50001,KR,Daejeon,韩国,4766
220.80.121.210:50001,220.80.121.210,50001,KR,Seongnam,韩国,4766
211.219.199.21:50001,211.219.199.21,50001,KR,Seongnam,韩国,4766
118.32.105.202:50001,118.32.105.202,50001,KR,Seongnam,韩国,4766
121.158.201.153:50001,121.158.201.153,50001,KR,Gimhae,韩国,4766
118.47.196.252:50001,118.47.196.252,50001,KR,Seongnam,韩国,4766
112.164.239.188:50001,112.164.239.188,50001,KR,Jeju,韩国,4766
119.195.36.69:50001,119.195.36.69,50001,KR,Geoje,韩国,4766
175.204.77.23:50001,175.204.77.23,50001,KR,Cheonan,韩国,4766
14.53.126.77:50001,14.53.126.77,50001,KR,Seongnam,韩国,4766
220.74.75.243:50001,220.74.75.243,50001,KR,Ansan,韩国,4766
125.137.61.236:50001,125.137.61.236,50001,KR,Seongnam,韩国,4766
221.153.38.34:50001,221.153.38.34,50001,KR,Seongnam,韩国,4766
112.185.213.4:50001,112.185.213.4,50001,KR,Seongnam,韩国,4766
121.147.229.1:50001,121.147.229.1,50001,KR,Seongnam,韩国,4766
121.148.11.169:50001,121.148.11.169,50001,KR,Seongnam,韩国,4766
121.173.115.178:50001,121.173.115.178,50001,KR,Seongnam,韩国,4766
222.103.179.168:50001,222.103.179.168,50001,KR,Seongnam,韩国,4766
222.110.67.145:50001,222.110.67.145,50001,KR,Seongnam,韩国,4766
121.153.173.117:50001,121.153.173.117,50001,KR,Seongnam,韩国,4766
119.198.34.151:50001,119.198.34.151,50001,KR,Busan,韩国,4766
115.23.234.198:50001,115.23.234.198,50001,KR,Hwaseong,韩国,4766
221.153.42.212:50001,221.153.42.212,50001,KR,Suwon,韩国,4766
14.55.144.166:50001,14.55.144.166,50001,KR,Jeonju,韩国,4766
59.27.12.34:50001,59.27.12.34,50001,KR,Seongnam,韩国,4766
121.159.229.135:50001,121.159.229.135,50001,KR,Seongnam,韩国,4766
59.11.144.246:50001,59.11.144.246,50001,KR,Seongnam,韩国,4766
121.145.134.131:50001,121.145.134.131,50001,KR,Seongnam,韩国,4766
220.76.161.245:50001,220.76.161.245,50001,KR,Gwangmyeong,韩国,4766
125.139.227.240:50001,125.139.227.240,50001,KR,Seongnam,韩国,4766
211.231.73.136:50001,211.231.73.136,50001,KR,Seongnam,韩国,4766
221.162.150.89:50001,221.162.150.89,50001,KR,Seongnam,韩国,4766
175.200.236.157:50001,175.200.236.157,50001,KR,Busan,韩国,4766
121.178.112.89:50001,121.178.112.89,50001,KR,Gwangju,韩国,4766
112.170.53.108:50001,112.170.53.108,50001,KR,Seongnam,韩国,4766
119.194.232.100:50001,119.194.232.100,50001,KR,Seongnam,韩国,4766
112.167.75.252:50001,112.167.75.252,50001,KR,Seongnam,韩国,4766
221.162.120.94:50001,221.162.120.94,50001,KR,Yongin,韩国,4766
211.225.129.216:50001,211.225.129.216,50001,KR,Seongnam,韩国,4766
220.92.115.8:50001,220.92.115.8,50001,KR,Seongnam,韩国,4766
175.210.89.202:50001,175.210.89.202,50001,KR,Seongnam,韩国,4766
59.2.42.17:50001,59.2.42.17,50001,KR,Seongnam,韩国,4766
175.207.101.208:50001,175.207.101.208,50001,KR,Seongnam,韩国,4766
211.105.35.130:50001,211.105.35.130,50001,KR,Suwon,韩国,4766
118.41.13.65:50001,118.41.13.65,50001,KR,Daegu,韩国,4766
211.105.86.219:50001,211.105.86.219,50001,KR,Seongnam,韩国,4766
119.201.98.109:50001,119.201.98.109,50001,KR,Gyeongsan,韩国,4766
218.154.136.101:50001,218.154.136.101,50001,KR,Seongnam,韩国,4766
220.119.208.140:50001,220.119.208.140,50001,KR,Miryang,韩国,4766
112.185.223.152:50001,112.185.223.152,50001,KR,Seongnam,韩国,4766
220.126.185.107:50001,220.126.185.107,50001,KR,Seongnam,韩国,4766
59.23.127.39:50001,59.23.127.39,50001,KR,Seongnam,韩国,4766
121.169.187.128:50001,121.169.187.128,50001,KR,Seongnam,韩国,4766
220.120.5.74:50001,220.120.5.74,50001,KR,Seongnam,韩国,4766
211.250.44.142:50001,211.250.44.142,50001,KR,Seongnam,韩国,4766
211.34.164.17:50001,211.34.164.17,50001,KR,Ansan,韩国,4766
183.103.92.163:50001,183.103.92.163,50001,KR,Seongnam,韩国,4766
112.165.11.40:50001,112.165.11.40,50001,KR,Gumi,韩国,4766
14.47.35.78:50001,14.47.35.78,50001,KR,Seongnam,韩国,4766
121.166.111.54:50001,121.166.111.54,50001,KR,Seongnam,韩国,4766
211.105.6.250:50001,211.105.6.250,50001,KR,Suwon,韩国,4766
175.195.129.57:50001,175.195.129.57,50001,KR,Seongnam,韩国,4766
61.81.151.152:50001,61.81.151.152,50001,KR,Seongnam,韩国,4766
112.166.255.224:50001,112.166.255.224,50001,KR,Dangjin,韩国,4766
61.85.173.147:50001,61.85.173.147,50001,KR,Seongnam,韩国,4766
220.124.98.156:50001,220.124.98.156,50001,KR,Jeonju,韩国,4766
222.119.15.241:50001,222.119.15.241,50001,KR,Seongnam,韩国,4766
118.38.245.191:50001,118.38.245.191,50001,KR,Seongnam,韩国,4766
112.169.242.150:50001,112.169.242.150,50001,KR,Seongnam,韩国,4766
175.199.14.177:50001,175.199.14.177,50001,KR,Seongnam,韩国,4766
211.195.14.28:50001,211.195.14.28,50001,KR,Seongnam,韩国,4766
183.105.188.224:50001,183.105.188.224,50001,KR,Seongnam,韩国,4766
211.196.129.22:50001,211.196.129.22,50001,KR,Seongnam,韩国,4766
14.36.154.36:50001,14.36.154.36,50001,KR,Seongnam,韩国,4766
183.105.33.17:50001,183.105.33.17,50001,KR,Seongnam,韩国,4766
119.194.133.136:50001,119.194.133.136,50001,KR,Seongnam,韩国,4766
175.194.76.74:50001,175.194.76.74,50001,KR,Seongnam,韩国,4766
125.131.8.203:50001,125.131.8.203,50001,KR,Seongnam,韩国,4766
211.228.239.220:50001,211.228.239.220,50001,KR,Seongnam,韩国,4766
59.30.103.224:50001,59.30.103.224,50001,KR,Seongnam,韩国,4766
115.23.244.98:50001,115.23.244.98,50001,KR,Seongnam,韩国,4766
112.160.171.122:50001,112.160.171.122,50001,KR,Seongnam,韩国,4766
118.47.141.52:50001,118.47.141.52,50001,KR,Seongnam,韩国,4766
59.1.170.106:50001,59.1.170.106,50001,KR,Seongnam,韩国,4766
125.130.79.238:50001,125.130.79.238,50001,KR,Seongnam,韩国,4766
112.160.242.167:50001,112.160.242.167,50001,KR,Seongnam,韩国,4766
118.44.98.228:50001,118.44.98.228,50001,KR,Seongnam,韩国,4766
118.37.234.81:50001,118.37.234.81,50001,KR,Namdong,韩国,4766
175.203.223.216:50001,175.203.223.216,50001,KR,Seongnam,韩国,4766
222.103.122.133:50001,222.103.122.133,50001,KR,Seongnam,韩国,4766
221.153.174.159:50001,221.153.174.159,50001,KR,Seongnam,韩国,4766
221.153.15.107:50001,221.153.15.107,50001,KR,Seongnam,韩国,4766
112.167.9.114:50001,112.167.9.114,50001,KR,Seongnam,韩国,4766
121.159.188.235:50001,121.159.188.235,50001,KR,Seongnam,韩国,4766
175.205.109.173:50001,175.205.109.173,50001,KR,Cheongju,韩国,4766
211.194.135.143:50001,211.194.135.143,50001,KR,Cheonan,韩国,4766
118.39.184.52:50001,118.39.184.52,50001,KR,Yongin,韩国,4766
218.147.114.82:50001,218.147.114.82,50001,KR,Ansan,韩国,4766
61.76.198.73:50001,61.76.198.73,50001,KR,Seongnam,韩国,4766
220.92.20.21:50001,220.92.20.21,50001,KR,Busan,韩国,4766
121.187.220.94:50001,121.187.220.94,50001,KR,Seongnam,韩国,4766
221.155.12.224:50001,221.155.12.224,50001,KR,Seongnam,韩国,4766
175.203.137.150:50001,175.203.137.150,50001,KR,Seongnam,韩国,4766
175.197.96.233:50001,175.197.96.233,50001,KR,Seongnam,韩国,4766
183.100.60.128:50001,183.100.60.128,50001,KR,Suwon,韩国,4766
203.243.6.134:50001,203.243.6.134,50001,KR,Seongnam,韩国,4766
121.155.66.228:50001,121.155.66.228,50001,KR,Chuncheon,韩国,4766
119.196.34.173:50001,119.196.34.173,50001,KR,Gwangmyeong,韩国,4766
121.186.106.169:50001,121.186.106.169,50001,KR,Jeonju,韩国,4766
222.105.131.225:50001,222.105.131.225,50001,KR,Seongnam,韩国,4766
121.182.46.34:50001,121.182.46.34,50001,KR,Seongnam,韩国,4766
211.224.35.79:50001,211.224.35.79,50001,KR,Chilgok,韩国,4766
121.179.37.140:50001,121.179.37.140,50001,KR,Seongnam,韩国,4766
121.159.61.105:50001,121.159.61.105,50001,KR,Daejeon,韩国,4766
210.104.255.234:50001,210.104.255.234,50001,KR,Seongnam,韩国,4766
119.193.156.69:50001,119.193.156.69,50001,KR,Seongnam,韩国,4766
183.106.203.112:50001,183.106.203.112,50001,KR,Seongnam,韩国,4766
211.184.120.144:50001,211.184.120.144,50001,KR,Seongnam,韩国,4766
128.134.103.208:50001,128.134.103.208,50001,KR,Seongnam,韩国,4766
112.186.189.42:50001,112.186.189.42,50001,KR,Seongnam,韩国,4766
175.214.157.85:50001,175.214.157.85,50001,KR,Busan,韩国,4766
https://112.167.163.6:50001,112.167.163.6,50001,KR,Cheongju,韩国,4766
220.72.76.25:50001,220.72.76.25,50001,KR,Seongnam,韩国,4766
59.27.171.160:50001,59.27.171.160,50001,KR,Seongnam,韩国,4766
221.167.144.225:50001,221.167.144.225,50001,KR,Seongnam,韩国,4766
121.137.190.17:50001,121.137.190.17,50001,KR,Seongnam,韩国,4766
220.126.187.68:50001,220.126.187.68,50001,KR,Ganghwa,韩国,4766
222.101.242.109:50001,222.101.242.109,50001,KR,Bucheon,韩国,4766
222.106.126.224:50001,222.106.126.224,50001,KR,Seongnam,韩国,4766
121.158.137.215:50001,121.158.137.215,50001,KR,Seongnam,韩国,4766
59.30.123.13:50001,59.30.123.13,50001,KR,Goseong,韩国,4766
118.32.55.79:50001,118.32.55.79,50001,KR,Seongnam,韩国,4766
222.102.84.36:50001,222.102.84.36,50001,KR,Gwangju,韩国,4766
218.145.117.174:50001,218.145.117.174,50001,KR,Seongnam,韩国,4766
119.195.136.126:50001,119.195.136.126,50001,KR,Seongnam,韩国,4766
121.154.223.222:50001,121.154.223.222,50001,KR,Seongnam,韩国,4766
210.121.207.53:50001,210.121.207.53,50001,KR,Seongnam,韩国,4766
175.204.177.128:50001,175.204.177.128,50001,KR,Seongnam,韩国,4766
211.57.92.66:50001,211.57.92.66,50001,KR,Daegu,韩国,4766
175.206.102.226:50001,175.206.102.226,50001,KR,Seongnam,韩国,4766
175.202.71.225:50001,175.202.71.225,50001,KR,Gimje,韩国,4766
210.179.28.30:50001,210.179.28.30,50001,KR,Seongnam,韩国,4766
220.81.82.20:50001,220.81.82.20,50001,KR,Seongnam,韩国,4766
221.159.179.128:50001,221.159.179.128,50001,KR,Seoul,韩国,4766
222.107.93.165:50001,222.107.93.165,50001,KR,Seongnam,韩国,4766
175.214.152.57:50001,175.214.152.57,50001,KR,Busan,韩国,4766
211.107.185.50:50001,211.107.185.50,50001,KR,Seongnam,韩国,4766
112.184.192.250:50001,112.184.192.250,50001,KR,Donghae,韩国,4766
59.30.224.5:50001,59.30.224.5,50001,KR,Seongnam,韩国,4766
183.104.67.194:50001,183.104.67.194,50001,KR,Seongnam,韩国,4766
220.92.80.44:50001,220.92.80.44,50001,KR,Seongnam,韩国,4766
121.186.176.93:50001,121.186.176.93,50001,KR,Seongnam,韩国,4766
59.12.145.2:50001,59.12.145.2,50001,KR,Seongnam,韩国,4766
121.145.153.217:50001,121.145.153.217,50001,KR,Seongnam,韩国,4766
221.147.14.63:50001,221.147.14.63,50001,KR,Seongnam,韩国,4766
220.93.110.72:50001,220.93.110.72,50001,KR,Seongnam,韩国,4766
121.144.209.238:50001,121.144.209.238,50001,KR,Busan,韩国,4766
183.96.204.49:50001,183.96.204.49,50001,KR,Seongnam,韩国,4766
221.157.209.3:50001,221.157.209.3,50001,KR,Seongnam,韩国,4766
61.73.234.62:50001,61.73.234.62,50001,KR,Seongnam,韩国,4766
221.145.188.45:50001,221.145.188.45,50001,KR,Seongnam,韩国,4766
59.2.185.24:50001,59.2.185.24,50001,KR,Seongnam,韩国,4766
175.199.26.34:50001,175.199.26.34,50001,KR,Seongnam,韩国,4766
115.22.210.16:50001,115.22.210.16,50001,KR,Seongnam,韩国,4766
59.27.26.241:50001,59.27.26.241,50001,KR,Seongnam,韩国,4766
221.145.193.150:50001,221.145.193.150,50001,KR,Seongnam,韩国,4766
183.108.5.87:50001,183.108.5.87,50001,KR,Seongnam,韩国,4766
118.40.89.128:50001,118.40.89.128,50001,KR,Seongnam,韩国,4766
61.79.110.42:50001,61.79.110.42,50001,KR,Seongnam,韩国,4766
118.43.42.68:50001,118.43.42.68,50001,KR,Seongnam,韩国,4766
121.169.217.11:50001,121.169.217.11,50001,KR,Seongnam,韩国,4766
121.133.66.15:50001,121.133.66.15,50001,KR,Anyang,韩国,4766
112.161.240.93:50001,112.161.240.93,50001,KR,Uijeongbu,韩国,4766
183.105.48.110:50001,183.105.48.110,50001,KR,Seongnam,韩国,4766
168.126.205.5:50001,168.126.205.5,50001,KR,Seongnam,韩国,4766
125.139.45.119:50001,125.139.45.119,50001,KR,Seongnam,韩国,4766
218.153.215.127:50001,218.153.215.127,50001,KR,Seongnam,韩国,4766
61.76.87.75:50001,61.76.87.75,50001,KR,Changwon,韩国,4766
59.9.52.28:50001,59.9.52.28,50001,KR,Seongnam,韩国,4766
175.204.18.215:50001,175.204.18.215,50001,KR,Cheonan,韩国,4766
221.167.4.244:50001,221.167.4.244,50001,KR,Seongnam,韩国,4766
211.222.248.186:50001,211.222.248.186,50001,KR,Seongnam,韩国,4766
175.201.61.153:50001,175.201.61.153,50001,KR,Yeosu,韩国,4766
125.143.198.112:50001,125.143.198.112,50001,KR,Seongnam,韩国,4766
118.44.220.237:50001,118.44.220.237,50001,KR,Seongnam,韩国,4766
14.38.157.33:50001,14.38.157.33,50001,KR,Seongnam,韩国,4766
218.149.134.84:50001,218.149.134.84,50001,KR,Gwangju,韩国,4766
210.183.11.2:50001,210.183.11.2,50001,KR,Seongnam,韩国,4766
121.187.149.211:50001,121.187.149.211,50001,KR,Seongnam,韩国,4766
121.160.87.105:50001,121.160.87.105,50001,KR,Seoul,韩国,4766
220.74.94.146:50001,220.74.94.146,50001,KR,Seongnam,韩国,4766
118.38.147.24:50001,118.38.147.24,50001,KR,Seongnam,韩国,4766
221.149.111.73:50001,221.149.111.73,50001,KR,Seongnam,韩国,4766
112.169.209.103:50001,112.169.209.103,50001,KR,Seongnam,韩国,4766
222.112.63.76:50001,222.112.63.76,50001,KR,Gwangmyeong,韩国,4766
119.197.79.119:50001,119.197.79.119,50001,KR,Seongnam,韩国,4766
112.173.109.151:50001,112.173.109.151,50001,KR,Gijang,韩国,4766
14.44.33.244:50001,14.44.33.244,50001,KR,Seongnam,韩国,4766
211.196.114.71:50001,211.196.114.71,50001,KR,Seongnam,韩国,4766
118.39.199.49:50001,118.39.199.49,50001,KR,Seongnam,韩国,4766
121.151.114.93:50001,121.151.114.93,50001,KR,Seongnam,韩国,4766
112.166.95.230:50001,112.166.95.230,50001,KR,Seongnam,韩国,4766
112.187.7.220:50001,112.187.7.220,50001,KR,Seongnam,韩国,4766
121.153.36.122:50001,121.153.36.122,50001,KR,Daejeon,韩国,4766
175.211.197.232:50001,175.211.197.232,50001,KR,Guri,韩国,4766
59.25.160.141:50001,59.25.160.141,50001,KR,Gyeongsan,韩国,4766
121.165.3.95:50001,121.165.3.95,50001,KR,Suwon,韩国,4766
211.199.186.32:50001,211.199.186.32,50001,KR,Seongnam,韩国,4766
59.1.59.225:50001,59.1.59.225,50001,KR,Seongnam,韩国,4766
175.214.125.165:50001,175.214.125.165,50001,KR,Seoul,韩国,4766
118.40.164.89:50001,118.40.164.89,50001,KR,Seongnam,韩国,4766
112.162.177.105:50001,112.162.177.105,50001,KR,Seongnam,韩国,4766
221.151.102.97:50001,221.151.102.97,50001,KR,Gwangmyeong,韩国,4766
183.103.54.125:50001,183.103.54.125,50001,KR,Seongnam,韩国,4766
121.174.151.223:50001,121.174.151.223,50001,KR,Seongnam,韩国,4766
222.113.74.67:50001,222.113.74.67,50001,KR,Seongnam,韩国,4766
59.15.182.92:50001,59.15.182.92,50001,KR,Seongnam,韩国,4766
220.93.178.129:50001,220.93.178.129,50001,KR,Seongnam,韩国,4766
112.160.48.228:50001,112.160.48.228,50001,KR,Namdong,韩国,4766
210.95.202.199:50001,210.95.202.199,50001,KR,Seongnam,韩国,4766
121.134.175.190:50001,121.134.175.190,50001,KR,Seongnam,韩国,4766
121.177.132.65:50001,121.177.132.65,50001,KR,Seongnam,韩国,4766
118.46.24.50:50001,118.46.24.50,50001,KR,Cheongju,韩国,4766
175.200.32.49:50001,175.200.32.49,50001,KR,Seongnam,韩国,4766
220.118.166.81:50001,220.118.166.81,50001,KR,Seongnam,韩国,4766
211.38.255.87:50001,211.38.255.87,50001,KR,Seongnam,韩国,4766
220.85.48.245:50001,220.85.48.245,50001,KR,Seoul,韩国,4766
121.155.14.99:50001,121.155.14.99,50001,KR,Seongnam,韩国,4766
221.158.221.207:50001,221.158.221.207,50001,KR,Seongnam,韩国,4766
218.150.225.33:50001,218.150.225.33,50001,KR,Seongnam,韩国,4766
222.118.160.104:50001,222.118.160.104,50001,KR,Seongnam,韩国,4766
222.96.38.85:50001,222.96.38.85,50001,KR,Changwon,韩国,4766
125.140.150.23:50001,125.140.150.23,50001,KR,Seongnam,韩国,4766
220.93.255.130:50001,220.93.255.130,50001,KR,Seongnam,韩国,4766
125.138.220.231:50001,125.138.220.231,50001,KR,Seongnam,韩国,4766
61.82.104.147:50001,61.82.104.147,50001,KR,Guri,韩国,4766
112.168.162.39:50001,112.168.162.39,50001,KR,Seongnam,韩国,4766
118.33.114.142:50001,118.33.114.142,50001,KR,Seongnam,韩国,4766
121.136.170.104:50001,121.136.170.104,50001,KR,Seongnam,韩国,4766
61.74.149.202:50001,61.74.149.202,50001,KR,Seoul,韩国,4766
121.158.119.101:50001,121.158.119.101,50001,KR,Seongnam,韩国,4766
118.39.60.167:50001,118.39.60.167,50001,KR,Busan,韩国,4766
210.113.101.117:50001,210.113.101.117,50001,KR,Seongnam,韩国,4766
121.146.174.185:50001,121.146.174.185,50001,KR,Seongnam,韩国,4766
14.41.122.196:50001,14.41.122.196,50001,KR,Gangneung,韩国,4766
121.149.42.246:50001,121.149.42.246,50001,KR,Seongnam,韩国,4766
211.226.15.137:50001,211.226.15.137,50001,KR,Suwon,韩国,4766
221.155.62.62:50001,221.155.62.62,50001,KR,Seongnam,韩国,4766
211.57.249.235:50001,211.57.249.235,50001,KR,Seongnam,韩国,4766
175.208.111.195:50001,175.208.111.195,50001,KR,Seongnam,韩国,4766
121.145.38.10:50001,121.145.38.10,50001,KR,Seongnam,韩国,4766
125.138.82.133:50001,125.138.82.133,50001,KR,Daejeon,韩国,4766
211.222.42.126:50001,211.222.42.126,50001,KR,Seongnam,韩国,4766
128.134.195.17:50001,128.134.195.17,50001,KR,Seongnam,韩国,4766
211.46.71.98:50001,211.46.71.98,50001,KR,Seongnam,韩国,4766
220.118.230.91:50001,220.118.230.91,50001,KR,Seongnam,韩国,4766
112.168.35.73:50001,112.168.35.73,50001,KR,Seongnam,韩国,4766
119.202.194.77:50001,119.202.194.77,50001,KR,Seongnam,韩国,4766
222.114.133.105:50001,222.114.133.105,50001,KR,Seongnam,韩国,4766
221.157.251.5:50001,221.157.251.5,50001,KR,Seongnam,韩国,4766
220.73.250.40:50001,220.73.250.40,50001,KR,Seongnam,韩国,4766
112.184.94.152:50001,112.184.94.152,50001,KR,Seongnam,韩国,4766
121.165.83.223:50001,121.165.83.223,50001,KR,Seongnam,韩国,4766
211.48.30.184:50001,211.48.30.184,50001,KR,Seoul,韩国,4766
211.184.95.182:50001,211.184.95.182,50001,KR,Seongnam,韩国,4766
220.124.111.160:50001,220.124.111.160,50001,KR,Seongnam,韩国,4766
119.195.59.131:50001,119.195.59.131,50001,KR,Seongnam,韩国,4766
118.34.244.31:50001,118.34.244.31,50001,KR,Seongnam,韩国,4766
14.50.18.157:50001,14.50.18.157,50001,KR,Seongnam,韩国,4766
121.139.132.112:50001,121.139.132.112,50001,KR,Seongnam,韩国,4766
119.205.6.124:50001,119.205.6.124,50001,KR,Seongnam,韩国,4766
112.170.173.63:50001,112.170.173.63,50001,KR,Anyang,韩国,4766
211.193.249.240:50001,211.193.249.240,50001,KR,Seongnam,韩国,4766
211.218.156.35:50001,211.218.156.35,50001,KR,Seongnam,韩国,4766
175.211.26.18:50001,175.211.26.18,50001,KR,Seongnam,韩国,4766
175.208.254.94:50001,175.208.254.94,50001,KR,Seoul,韩国,4766
119.194.220.146:50001,119.194.220.146,50001,KR,Seongnam,韩国,4766
59.25.111.184:50001,59.25.111.184,50001,KR,Seongnam,韩国,4766
118.38.227.101:50001,118.38.227.101,50001,KR,Seongnam,韩国,4766
175.211.38.237:50001,175.211.38.237,50001,KR,Seongnam,韩国,4766
121.146.135.9:50001,121.146.135.9,50001,KR,Seongnam,韩国,4766
118.43.71.53:50001,118.43.71.53,50001,KR,Seongnam,韩国,4766
112.186.100.206:50001,112.186.100.206,50001,KR,Suwon,韩国,4766
183.104.223.227:50001,183.104.223.227,50001,KR,Seongnam,韩国,4766
218.158.31.28:50001,218.158.31.28,50001,KR,Seongnam,韩国,4766
59.3.62.251:50001,59.3.62.251,50001,KR,Seongnam,韩国,4766
211.199.99.95:50001,211.199.99.95,50001,KR,Seongnam,韩国,4766
211.225.149.66:50001,211.225.149.66,50001,KR,Seongnam,韩国,4766
175.209.26.11:50001,175.209.26.11,50001,KR,Seongnam,韩国,4766
220.121.231.201:50001,220.121.231.201,50001,KR,Goyang,韩国,4766
220.83.36.68:50001,220.83.36.68,50001,KR,Chungju,韩国,4766
118.34.249.127:50001,118.34.249.127,50001,KR,Seongnam,韩国,4766
112.186.166.30:50001,112.186.166.30,50001,KR,Seongnam,韩国,4766
118.45.9.162:50001,118.45.9.162,50001,KR,Seongnam,韩国,4766
121.167.30.169:50001,121.167.30.169,50001,KR,Seongnam,韩国,4766
112.163.197.120:50001,112.163.197.120,50001,KR,Seongnam,韩国,4766
118.36.95.35:50001,118.36.95.35,50001,KR,Seongnam,韩国,4766
221.158.89.82:50001,221.158.89.82,50001,KR,Seongnam,韩国,4766
211.107.149.136:50001,211.107.149.136,50001,KR,Seongnam,韩国,4766
112.166.128.60:50001,112.166.128.60,50001,KR,Seongnam,韩国,4766
121.157.168.159:50001,121.157.168.159,50001,KR,Seongnam,韩国,4766
61.76.48.99:50001,61.76.48.99,50001,KR,Seongnam,韩国,4766
203.228.38.219:50001,203.228.38.219,50001,KR,Dalseong,韩国,4766
128.134.248.33:50001,128.134.248.33,50001,KR,Seoul,韩国,4766
183.108.118.164:50001,183.108.118.164,50001,KR,Seongnam,韩国,4766
220.71.140.39:50001,220.71.140.39,50001,KR,Seongnam,韩国,4766
59.21.222.46:50001,59.21.222.46,50001,KR,Seongnam,韩国,4766
112.184.246.22:50001,112.184.246.22,50001,KR,Seongnam,韩国,4766
175.192.58.203:50001,175.192.58.203,50001,KR,Mansan,韩国,4766
183.104.245.50:50001,183.104.245.50,50001,KR,Seongnam,韩国,4766
125.141.4.132:50001,125.141.4.132,50001,KR,Gwangmyeong,韩国,4766
175.210.217.204:50001,175.210.217.204,50001,KR,Bucheon,韩国,4766
14.56.200.10:50001,14.56.200.10,50001,KR,Seongnam,韩国,4766
14.47.160.140:50001,14.47.160.140,50001,KR,Seongnam,韩国,4766
218.159.219.40:50001,218.159.219.40,50001,KR,Seongnam,韩国,4766
119.203.219.248:50001,119.203.219.248,50001,KR,Seongnam,韩国,4766
61.106.191.53:50001,61.106.191.53,50001,KR,Seongnam,韩国,4766
211.195.13.174:50001,211.195.13.174,50001,KR,Seongnam,韩国,4766
121.175.234.96:50001,121.175.234.96,50001,KR,Busan,韩国,4766
14.46.131.145:50001,14.46.131.145,50001,KR,Seongnam,韩国,4766
220.126.254.52:50001,220.126.254.52,50001,KR,Seongnam,韩国,4766
61.79.251.30:50001,61.79.251.30,50001,KR,Goyang,韩国,4766
118.40.208.150:50001,118.40.208.150,50001,KR,Seongnam,韩国,4766
121.141.32.142:50001,121.141.32.142,50001,KR,Seongnam,韩国,4766
175.205.88.229:50001,175.205.88.229,50001,KR,Seongnam,韩国,4766
121.154.143.6:50001,121.154.143.6,50001,KR,Gunsan,韩国,4766
119.193.84.103:50001,119.193.84.103,50001,KR,Seongnam,韩国,4766
14.54.184.137:50001,14.54.184.137,50001,KR,Seongnam,韩国,4766
125.132.233.47:50001,125.132.233.47,50001,KR,Seongnam,韩国,4766
121.175.54.93:50001,121.175.54.93,50001,KR,Seongnam,韩国,4766
121.164.15.123:50001,121.164.15.123,50001,KR,Seongnam,韩国,4766
14.35.136.248:50001,14.35.136.248,50001,KR,Seongnam,韩国,4766
222.107.156.10:50001,222.107.156.10,50001,KR,Seongnam,韩国,4766
121.152.245.235:50001,121.152.245.235,50001,KR,Cheonan,韩国,4766
14.53.118.210:50001,14.53.118.210,50001,KR,Seongnam,韩国,4766
115.22.115.218:50001,115.22.115.218,50001,KR,Seongnam,韩国,4766
221.160.205.2:50001,221.160.205.2,50001,KR,Cheonan,韩国,4766
125.137.128.247:50001,125.137.128.247,50001,KR,Sangju,韩国,4766
118.41.238.98:50001,118.41.238.98,50001,KR,Seongnam,韩国,4766
14.40.120.136:50001,14.40.120.136,50001,KR,Andong,韩国,4766
221.166.171.134:50001,221.166.171.134,50001,KR,Seongnam,韩国,4766
121.190.166.239:50001,121.190.166.239,50001,KR,Seongnam,韩国,4766
59.30.47.129:50001,59.30.47.129,50001,KR,Gangneung,韩国,4766
61.75.239.16:50001,61.75.239.16,50001,KR,Seongnam,韩国,4766
210.103.54.208:50001,210.103.54.208,50001,KR,Seongnam,韩国,4766
119.199.175.237:50001,119.199.175.237,50001,KR,Seongnam,韩国,4766
121.176.46.182:50001,121.176.46.182,50001,KR,Gimhae,韩国,4766
121.135.194.124:50001,121.135.194.124,50001,KR,Seoul,韩国,4766
211.218.155.72:50001,211.218.155.72,50001,KR,Seongnam,韩国,4766
121.175.42.121:50001,121.175.42.121,50001,KR,Seongnam,韩国,4766
210.99.119.3:50001,210.99.119.3,50001,KR,Seongnam,韩国,4766
211.225.152.108:50001,211.225.152.108,50001,KR,Seongnam,韩国,4766
211.216.168.84:50001,211.216.168.84,50001,KR,Seongnam,韩国,4766
112.187.62.40:50001,112.187.62.40,50001,KR,Seongnam,韩国,4766
119.197.255.195:50001,119.197.255.195,50001,KR,Seongnam,韩国,4766
220.92.7.241:50001,220.92.7.241,50001,KR,Seongnam,韩国,4766
220.95.74.71:50001,220.95.74.71,50001,KR,Seongnam,韩国,4766
125.137.144.140:50001,125.137.144.140,50001,KR,Seongnam,韩国,4766
125.136.226.1:50001,125.136.226.1,50001,KR,Seongnam,韩国,4766
211.48.170.92:50001,211.48.170.92,50001,KR,Seongnam,韩国,4766
61.81.94.142:50001,61.81.94.142,50001,KR,Hongseong,韩国,4766
61.73.111.30:50001,61.73.111.30,50001,KR,Goyang,韩国,4766
222.119.16.210:50001,222.119.16.210,50001,KR,Busan,韩国,4766
61.84.42.166:50001,61.84.42.166,50001,KR,Seongnam,韩国,4766
121.150.136.156:50001,121.150.136.156,50001,KR,Seongnam,韩国,4766
14.32.57.232:50001,14.32.57.232,50001,KR,Seongnam,韩国,4766
59.9.54.246:50001,59.9.54.246,50001,KR,Seongnam,韩国,4766
59.1.185.190:50001,59.1.185.190,50001,KR,Seongnam,韩国,4766
220.82.218.143:50001,220.82.218.143,50001,KR,Seongnam,韩国,4766
220.71.116.165:50001,220.71.116.165,50001,KR,Gwangju,韩国,4766
183.106.126.39:50001,183.106.126.39,50001,KR,Seongnam,韩国,4766
221.163.173.137:50001,221.163.173.137,50001,KR,Icheon,韩国,4766
175.198.21.32:50001,175.198.21.32,50001,KR,Gwangmyeong,韩国,4766
211.250.124.94:50001,211.250.124.94,50001,KR,Seongnam,韩国,4766
220.89.205.71:50001,220.89.205.71,50001,KR,Boryeong,韩国,4766
125.133.186.25:50001,125.133.186.25,50001,KR,Namdong,韩国,4766
59.30.203.246:50001,59.30.203.246,50001,KR,Seongnam,韩国,4766
119.206.139.22:50001,119.206.139.22,50001,KR,Seongnam,韩国,4766
61.82.217.98:50001,61.82.217.98,50001,KR,Seongnam,韩国,4766
121.159.156.15:50001,121.159.156.15,50001,KR,Seongnam,韩国,4766
119.204.62.147:50001,119.204.62.147,50001,KR,Asan,韩国,4766
221.156.220.56:50001,221.156.220.56,50001,KR,Gwangju,韩国,4766
211.216.126.146:50001,211.216.126.146,50001,KR,Namdong,韩国,4766
218.154.199.38:50001,218.154.199.38,50001,KR,Seongnam,韩国,4766
221.151.0.65:50001,221.151.0.65,50001,KR,Gwangmyeong,韩国,4766
121.151.19.48:50001,121.151.19.48,50001,KR,Seongnam,韩国,4766
121.178.121.161:50001,121.178.121.161,50001,KR,Gwangju,韩国,4766
220.123.143.117:50001,220.123.143.117,50001,KR,Seongnam,韩国,4766
175.212.207.13:50001,175.212.207.13,50001,KR,Suwon,韩国,4766
125.137.48.186:50001,125.137.48.186,50001,KR,Seongnam,韩国,4766
59.1.203.57:50001,59.1.203.57,50001,KR,Seongnam,韩国,4766
220.77.114.78:50001,220.77.114.78,50001,KR,Seongnam,韩国,4766
210.103.54.228:50001,210.103.54.228,50001,KR,Seongnam,韩国,4766
203.228.105.253:50001,203.228.105.253,50001,KR,Seongnam,韩国,4766
125.139.235.25:50001,125.139.235.25,50001,KR,Seongnam,韩国,4766
61.81.143.178:50001,61.81.143.178,50001,KR,Seongnam,韩国,4766
211.218.227.173:50001,211.218.227.173,50001,KR,Seongnam,韩国,4766
121.132.24.246:50001,121.132.24.246,50001,KR,Seongnam,韩国,4766
59.23.95.201:50001,59.23.95.201,50001,KR,Seongnam,韩国,4766
220.83.219.61:50001,220.83.219.61,50001,KR,Seongnam,韩国,4766
220.74.112.76:50001,220.74.112.76,50001,KR,Seongnam,韩国,4766
14.42.237.65:50001,14.42.237.65,50001,KR,Seongnam,韩国,4766
175.203.94.155:50001,175.203.94.155,50001,KR,Seongnam,韩国,4766
121.150.226.178:50001,121.150.226.178,50001,KR,Seongnam,韩国,4766
14.45.213.201:50001,14.45.213.201,50001,KR,Seongnam,韩国,4766
14.36.240.158:50001,14.36.240.158,50001,KR,Seongnam,韩国,4766
183.104.134.56:50001,183.104.134.56,50001,KR,Seongnam,韩国,4766
203.228.113.47:50001,203.228.113.47,50001,KR,Seongnam,韩国,4766
218.150.204.236:50001,218.150.204.236,50001,KR,Seongnam,韩国,4766
211.196.80.94:50001,211.196.80.94,50001,KR,Seoul,韩国,4766
211.230.204.51:50001,211.230.204.51,50001,KR,Seongnam,韩国,4766
61.83.160.203:50001,61.83.160.203,50001,KR,Seongnam,韩国,4766
222.105.224.152:50001,222.105.224.152,50001,KR,Seongnam,韩国,4766
183.108.207.49:50001,183.108.207.49,50001,KR,Seongnam,韩国,4766
175.213.1.46:50001,175.213.1.46,50001,KR,Goyang,韩国,4766
221.160.250.78:50001,221.160.250.78,50001,KR,Nonsan,韩国,4766
61.76.121.30:50001,61.76.121.30,50001,KR,Seongnam,韩国,4766
210.113.180.77:50001,210.113.180.77,50001,KR,Seongnam,韩国,4766
121.166.226.161:50001,121.166.226.161,50001,KR,Seongnam,韩国,4766
221.161.176.222:50001,221.161.176.222,50001,KR,Seongnam,韩国,4766
125.137.0.192:50001,125.137.0.192,50001,KR,Seongnam,韩国,4766
121.146.53.235:50001,121.146.53.235,50001,KR,Seongnam,韩国,4766
125.136.212.183:50001,125.136.212.183,50001,KR,Seongnam,韩国,4766
14.63.31.210:50001,14.63.31.210,50001,KR,Seongnam,韩国,4766
118.35.58.227:50001,118.35.58.227,50001,KR,Seongnam,韩国,4766
211.105.118.160:50001,211.105.118.160,50001,KR,Seongnam,韩国,4766
125.137.35.56:50001,125.137.35.56,50001,KR,Seongnam,韩国,4766
211.250.51.115:50001,211.250.51.115,50001,KR,Seongnam,韩国,4766
125.139.147.239:50001,125.139.147.239,50001,KR,Seongnam,韩国,4766
220.86.104.93:50001,220.86.104.93,50001,KR,Seongnam,韩国,4766
59.2.0.17:50001,59.2.0.17,50001,KR,Seongnam,韩国,4766
218.144.220.44:50001,218.144.220.44,50001,KR,Seongnam,韩国,4766
220.116.195.147:50001,220.116.195.147,50001,KR,Mansan,韩国,4766
183.97.10.250:50001,183.97.10.250,50001,KR,Seongnam,韩国,4766
112.167.252.159:50001,112.167.252.159,50001,KR,Seongnam,韩国,4766
183.108.14.158:50001,183.108.14.158,50001,KR,Wonju,韩国,4766
218.150.32.152:50001,218.150.32.152,50001,KR,Seongnam,韩国,4766
121.154.45.167:50001,121.154.45.167,50001,KR,Seongnam,韩国,4766
221.167.150.62:50001,221.167.150.62,50001,KR,Seongnam,韩国,4766
220.83.27.246:50001,220.83.27.246,50001,KR,Seongnam,韩国,4766
112.168.102.82:50001,112.168.102.82,50001,KR,Hwaseong,韩国,4766
168.126.111.126:50001,168.126.111.126,50001,KR,Seongnam,韩国,4766
121.174.253.96:50001,121.174.253.96,50001,KR,Seongnam,韩国,4766
61.85.119.177:50001,61.85.119.177,50001,KR,Seoul,韩国,4766
59.24.157.77:50001,59.24.157.77,50001,KR,Sangju,韩国,4766
59.18.187.167:50001,59.18.187.167,50001,KR,Seongnam,韩国,4766
183.97.196.49:50001,183.97.196.49,50001,KR,Seongnam,韩国,4766
175.204.177.250:50001,175.204.177.250,50001,KR,Seongnam,韩国,4766
220.77.87.132:50001,220.77.87.132,50001,KR,Seongnam,韩国,4766
183.100.116.217:50001,183.100.116.217,50001,KR,Seongnam,韩国,4766
121.159.4.180:50001,121.159.4.180,50001,KR,Seongnam,韩国,4766
112.168.104.94:50001,112.168.104.94,50001,KR,Seongnam,韩国,4766
222.120.119.146:50001,222.120.119.146,50001,KR,Seongnam,韩国,4766
59.19.205.106:50001,59.19.205.106,50001,KR,Seongnam,韩国,4766
183.104.84.245:50001,183.104.84.245,50001,KR,Seongnam,韩国,4766
118.47.194.165:50001,118.47.194.165,50001,KR,Seongnam,韩国,4766
220.122.115.73:50001,220.122.115.73,50001,KR,Seongnam,韩国,4766
118.43.88.144:50001,118.43.88.144,50001,KR,Seongnam,韩国,4766
211.230.142.157:50001,211.230.142.157,50001,KR,Seongnam,韩国,4766
115.20.202.6:50001,115.20.202.6,50001,KR,Seongnam,韩国,4766
59.23.24.41:50001,59.23.24.41,50001,KR,Seongnam,韩国,4766
59.27.144.74:50001,59.27.144.74,50001,KR,Seongnam,韩国,4766
121.161.238.188:50001,121.161.238.188,50001,KR,Seongnam,韩国,4766
211.57.146.108:50001,211.57.146.108,50001,KR,Chilgok,韩国,4766
121.153.32.79:50001,121.153.32.79,50001,KR,Seongnam,韩国,4766
59.0.150.215:50001,59.0.150.215,50001,KR,Seongnam,韩国,4766
175.196.159.204:50001,175.196.159.204,50001,KR,Seongnam,韩国,4766
118.36.92.99:50001,118.36.92.99,50001,KR,Namdong,韩国,4766
121.158.119.187:50001,121.158.119.187,50001,KR,Seongnam,韩国,4766
218.144.184.196:50001,218.144.184.196,50001,KR,Seongnam,韩国,4766
183.109.195.138:50001,183.109.195.138,50001,KR,Gimje,韩国,4766
118.41.218.248:50001,118.41.218.248,50001,KR,Seongnam,韩国,4766
175.200.141.106:50001,175.200.141.106,50001,KR,Seongnam,韩国,4766
175.200.50.108:50001,175.200.50.108,50001,KR,Seongnam,韩国,4766
221.166.156.189:50001,221.166.156.189,50001,KR,Seongnam,韩国,4766
183.107.6.26:50001,183.107.6.26,50001,KR,Seongnam,韩国,4766
220.118.212.192:50001,220.118.212.192,50001,KR,Seongnam,韩国,4766
220.71.203.80:50001,220.71.203.80,50001,KR,Seongnam,韩国,4766
203.232.127.82:50001,203.232.127.82,50001,KR,Seongnam,韩国,4766
221.164.165.14:50001,221.164.165.14,50001,KR,Seongnam,韩国,4766
14.39.220.111:50001,14.39.220.111,50001,KR,Seongnam,韩国,4766
59.21.28.153:50001,59.21.28.153,50001,KR,Seongnam,韩国,4766
112.160.229.235:50001,112.160.229.235,50001,KR,Seongnam,韩国,4766
112.163.218.135:50001,112.163.218.135,50001,KR,Seongnam,韩国,4766
61.81.48.161:50001,61.81.48.161,50001,KR,Seongnam,韩国,4766
221.165.64.92:50001,221.165.64.92,50001,KR,Namdong,韩国,4766
175.215.130.73:50001,175.215.130.73,50001,KR,Gimhae,韩国,4766
115.21.51.7:50001,115.21.51.7,50001,KR,Seongnam,韩国,4766
61.79.199.11:50001,61.79.199.11,50001,KR,Seongnam,韩国,4766
125.140.3.131:50001,125.140.3.131,50001,KR,Seongnam,韩国,4766
211.185.73.48:50001,211.185.73.48,50001,KR,Seongnam,韩国,4766
218.155.52.118:50001,218.155.52.118,50001,KR,Seongnam,韩国,4766
121.143.96.6:50001,121.143.96.6,50001,KR,Seongnam,韩国,4766
221.151.83.210:50001,221.151.83.210,50001,KR,Seongnam,韩国,4766
112.185.201.42:50001,112.185.201.42,50001,KR,Seongnam,韩国,4766
112.160.235.29:50001,112.160.235.29,50001,KR,Busan,韩国,4766
59.18.169.121:50001,59.18.169.121,50001,KR,Seongnam,韩国,4766
220.120.165.117:50001,220.120.165.117,50001,KR,Seongnam,韩国,4766
59.1.144.112:50001,59.1.144.112,50001,KR,Seongnam,韩国,4766
14.55.153.119:50001,14.55.153.119,50001,KR,Jeonju,韩国,4766
121.132.215.36:50001,121.132.215.36,50001,KR,Seongnam,韩国,4766
183.102.18.225:50001,183.102.18.225,50001,KR,Bucheon,韩国,4766
118.43.162.141:50001,118.43.162.141,50001,KR,Seongnam,韩国,4766
210.183.244.116:50001,210.183.244.116,50001,KR,Suwon,韩国,4766
183.99.145.212:50001,183.99.145.212,50001,KR,Seongnam,韩国,4766
112.164.36.120:50001,112.164.36.120,50001,KR,Seongnam,韩国,4766
121.154.44.49:50001,121.154.44.49,50001,KR,Seongnam,韩国,4766
203.243.54.42:50001,203.243.54.42,50001,KR,Seongnam,韩国,4766
221.156.210.169:50001,221.156.210.169,50001,KR,Seongnam,韩国,4766
183.107.83.237:50001,183.107.83.237,50001,KR,Seongnam,韩国,4766
125.135.210.168:50001,125.135.210.168,50001,KR,Seongnam,韩国,4766
59.1.44.36:50001,59.1.44.36,50001,KR,Iksan,韩国,4766
220.122.102.26:50001,220.122.102.26,50001,KR,Mungyeong,韩国,4766
222.113.203.161:50001,222.113.203.161,50001,KR,Sokcho,韩国,4766
211.196.13.250:50001,211.196.13.250,50001,KR,Seongnam,韩国,4766
211.51.225.82:50001,211.51.225.82,50001,KR,Seongnam,韩国,4766
222.118.11.245:50001,222.118.11.245,50001,KR,Seongnam,韩国,4766
118.36.251.241:50001,118.36.251.241,50001,KR,Seoul,韩国,4766
183.103.221.229:50001,183.103.221.229,50001,KR,Seongnam,韩国,4766
210.178.254.104:50001,210.178.254.104,50001,KR,Seongnam,韩国,4766
211.224.30.213:50001,211.224.30.213,50001,KR,Seongnam,韩国,4766
183.109.217.3:50001,183.109.217.3,50001,KR,Buyeo,韩国,4766
118.43.103.209:50001,118.43.103.209,50001,KR,Seongnam,韩国,4766
175.214.217.174:50001,175.214.217.174,50001,KR,Busan,韩国,4766
119.198.123.149:50001,119.198.123.149,50001,KR,Busan,韩国,4766
175.202.33.144:50001,175.202.33.144,50001,KR,Seongnam,韩国,4766
222.102.54.217:50001,222.102.54.217,50001,KR,Seongnam,韩国,4766
118.46.29.202:50001,118.46.29.202,50001,KR,Seongnam,韩国,4766
125.140.153.154:50001,125.140.153.154,50001,KR,Seongnam,韩国,4766
118.32.203.175:50001,118.32.203.175,50001,KR,Seongnam,韩国,4766
211.226.243.116:50001,211.226.243.116,50001,KR,Seongnam,韩国,4766
183.96.243.131:50001,183.96.243.131,50001,KR,Seongnam,韩国,4766
112.185.44.82:50001,112.185.44.82,50001,KR,Busan,韩国,4766
175.193.204.22:50001,175.193.204.22,50001,KR,Seongnam,韩国,4766
211.192.254.96:50001,211.192.254.96,50001,KR,Seongnam,韩国,4766
121.174.189.131:50001,121.174.189.131,50001,KR,Seongnam,韩国,4766
119.198.139.16:50001,119.198.139.16,50001,KR,Seongnam,韩国,4766
211.38.168.1:50001,211.38.168.1,50001,KR,Seongnam,韩国,4766
121.161.43.155:50001,121.161.43.155,50001,KR,Seongnam,韩国,4766
175.206.58.73:50001,175.206.58.73,50001,KR,Wonju,韩国,4766
59.10.102.42:50001,59.10.102.42,50001,KR,Seongnam,韩国,4766
222.109.28.191:50001,222.109.28.191,50001,KR,Seongnam,韩国,4766
59.2.198.250:50001,59.2.198.250,50001,KR,Seongnam,韩国,4766
121.164.156.90:50001,121.164.156.90,50001,KR,Seongnam,韩国,4766
222.121.16.142:50001,222.121.16.142,50001,KR,Seongnam,韩国,4766
121.139.167.186:50001,121.139.167.186,50001,KR,Bucheon,韩国,4766
112.162.138.75:50001,112.162.138.75,50001,KR,Seongnam,韩国,4766
14.43.194.172:50001,14.43.194.172,50001,KR,Seongnam,韩国,4766
211.198.229.142:50001,211.198.229.142,50001,KR,Seongnam,韩国,4766
121.148.224.226:50001,121.148.224.226,50001,KR,Seongnam,韩国,4766
61.79.26.201:50001,61.79.26.201,50001,KR,Seongnam,韩国,4766
175.214.150.100:50001,175.214.150.100,50001,KR,Seongnam,韩国,4766
218.155.235.187:50001,218.155.235.187,50001,KR,Seongnam,韩国,4766
59.12.109.110:50001,59.12.109.110,50001,KR,Suwon,韩国,4766
61.78.119.108:50001,61.78.119.108,50001,KR,Seongnam,韩国,4766
125.131.231.224:50001,125.131.231.224,50001,KR,Seongnam,韩国,4766
121.137.254.151:50001,121.137.254.151,50001,KR,Seongnam,韩国,4766
61.85.83.163:50001,61.85.83.163,50001,KR,Seongnam,韩国,4766
221.159.100.143:50001,221.159.100.143,50001,KR,Seongnam,韩国,4766
220.77.102.95:50001,220.77.102.95,50001,KR,Seongnam,韩国,4766
118.41.25.147:50001,118.41.25.147,50001,KR,Daegu,韩国,4766
210.97.74.126:50001,210.97.74.126,50001,KR,Seongnam,韩国,4766
59.29.207.8:50001,59.29.207.8,50001,KR,Seongnam,韩国,4766
14.45.166.208:50001,14.45.166.208,50001,KR,Seongnam,韩国,4766
121.147.113.29:50001,121.147.113.29,50001,KR,Gwangju,韩国,4766
59.14.45.119:50001,59.14.45.119,50001,KR,Seongnam,韩国,4766
175.210.52.92:50001,175.210.52.92,50001,KR,Seongnam,韩国,4766
121.147.60.220:50001,121.147.60.220,50001,KR,Seongnam,韩国,4766
112.169.209.73:50001,112.169.209.73,50001,KR,Seongnam,韩国,4766
14.44.24.206:50001,14.44.24.206,50001,KR,Jinju,韩国,4766
222.106.232.15:50001,222.106.232.15,50001,KR,Seongnam,韩国,4766
222.107.3.214:50001,222.107.3.214,50001,KR,Seongnam,韩国,4766
118.41.255.106:50001,118.41.255.106,50001,KR,Daegu,韩国,4766
220.124.22.173:50001,220.124.22.173,50001,KR,Jeonju,韩国,4766
222.121.89.91:50001,222.121.89.91,50001,KR,Seongnam,韩国,4766
211.107.20.178:50001,211.107.20.178,50001,KR,Seongnam,韩国,4766
14.37.66.123:50001,14.37.66.123,50001,KR,Seongnam,韩国,4766
14.51.196.75:50001,14.51.196.75,50001,KR,Seongnam,韩国,4766
211.192.154.192:50001,211.192.154.192,50001,KR,Seongnam,韩国,4766
118.46.31.61:50001,118.46.31.61,50001,KR,Seongnam,韩国,4766
121.160.199.65:50001,121.160.199.65,50001,KR,Seoul,韩国,4766
14.54.36.170:50001,14.54.36.170,50001,KR,Seongnam,韩国,4766
121.158.18.245:50001,121.158.18.245,50001,KR,Seongnam,韩国,4766
211.231.1.184:50001,211.231.1.184,50001,KR,Seongnam,韩国,4766
220.121.250.78:50001,220.121.250.78,50001,KR,Seongnam,韩国,4766
175.208.225.250:50001,175.208.225.250,50001,KR,Anyang,韩国,4766
61.79.224.108:50001,61.79.224.108,50001,KR,Seongnam,韩国,4766
175.204.136.250:50001,175.204.136.250,50001,KR,Seongnam,韩国,4766
59.22.26.141:50001,59.22.26.141,50001,KR,Busan,韩国,4766
175.202.25.116:50001,175.202.25.116,50001,KR,Gunsan,韩国,4766
119.197.86.171:50001,119.197.86.171,50001,KR,Bucheon,韩国,4766
222.114.244.58:50001,222.114.244.58,50001,KR,Asan,韩国,4766
121.133.44.81:50001,121.133.44.81,50001,KR,Guri,韩国,4766
59.28.200.147:50001,59.28.200.147,50001,KR,Seongnam,韩国,4766
218.147.160.41:50001,218.147.160.41,50001,KR,Suwon,韩国,4766
125.135.9.218:50001,125.135.9.218,50001,KR,Seongnam,韩国,4766
14.43.156.59:50001,14.43.156.59,50001,KR,Seongnam,韩国,4766
211.230.110.133:50001,211.230.110.133,50001,KR,Iksan,韩国,4766
220.77.255.212:50001,220.77.255.212,50001,KR,Seongnam,韩国,4766
211.227.65.106:50001,211.227.65.106,50001,KR,Seongnam,韩国,4766
121.188.154.96:50001,121.188.154.96,50001,KR,Seongnam,韩国,4766
59.30.220.93:50001,59.30.220.93,50001,KR,Seongnam,韩国,4766
221.168.117.162:50001,221.168.117.162,50001,KR,Seongnam,韩国,4766
119.202.217.30:50001,119.202.217.30,50001,KR,Seongnam,韩国,4766
119.202.152.201:50001,119.202.152.201,50001,KR,Seongnam,韩国,4766
121.150.18.128:50001,121.150.18.128,50001,KR,Seongnam,韩国,4766
121.151.179.83:50001,121.151.179.83,50001,KR,Pohang,韩国,4766
119.202.98.107:50001,119.202.98.107,50001,KR,Seongnam,韩国,4766
119.193.236.130:50001,119.193.236.130,50001,KR,Namyangju,韩国,4766
14.55.223.70:50001,14.55.223.70,50001,KR,Seongnam,韩国,4766
175.199.168.233:50001,175.199.168.233,50001,KR,Seongnam,韩国,4766
121.186.251.193:50001,121.186.251.193,50001,KR,Seongnam,韩国,4766
175.203.204.222:50001,175.203.204.222,50001,KR,Seongnam,韩国,4766
61.84.161.178:50001,61.84.161.178,50001,KR,Seongnam,韩国,4766
121.190.190.27:50001,121.190.190.27,50001,KR,Suwon,韩国,4766
220.86.175.229:50001,220.86.175.229,50001,KR,Seongnam,韩国,4766
183.98.23.205:50001,183.98.23.205,50001,KR,Seongnam,韩国,4766
119.206.228.244:50001,119.206.228.244,50001,KR,Seongnam,韩国,4766
211.184.133.123:50001,211.184.133.123,50001,KR,Seongnam,韩国,4766
211.184.91.188:50001,211.184.91.188,50001,KR,Seongnam,韩国,4766
210.99.165.87:50001,210.99.165.87,50001,KR,Suwon,韩国,4766
59.17.46.67:50001,59.17.46.67,50001,KR,Seongnam,韩国,4766
211.105.156.214:50001,211.105.156.214,50001,KR,Seongnam,韩国,4766
59.14.108.107:50001,59.14.108.107,50001,KR,Seongnam,韩国,4766
118.44.75.94:50001,118.44.75.94,50001,KR,Sokcho,韩国,4766
121.160.119.150:50001,121.160.119.150,50001,KR,Seongnam,韩国,4766
210.99.194.28:50001,210.99.194.28,50001,KR,Seongnam,韩国,4766
222.101.220.117:50001,222.101.220.117,50001,KR,Yangpyeong,韩国,4766
59.2.10.155:50001,59.2.10.155,50001,KR,Seongnam,韩国,4766
121.145.11.26:50001,121.145.11.26,50001,KR,Busan,韩国,4766
221.145.15.39:50001,221.145.15.39,50001,KR,Seongnam,韩国,4766
220.123.131.232:50001,220.123.131.232,50001,KR,Cheonan,韩国,4766
211.51.176.6:50001,211.51.176.6,50001,KR,Seongnam,韩国,4766
175.192.120.147:50001,175.192.120.147,50001,KR,Seoul,韩国,4766
211.230.247.172:50001,211.230.247.172,50001,KR,Seongnam,韩国,4766
218.150.253.218:50001,218.150.253.218,50001,KR,Seongnam,韩国,4766
175.212.209.66:50001,175.212.209.66,50001,KR,Suwon,韩国,4766
222.120.45.127:50001,222.120.45.127,50001,KR,Seongnam,韩国,4766
218.150.199.50:50001,218.150.199.50,50001,KR,Seongnam,韩国,4766
221.164.204.82:50001,221.164.204.82,50001,KR,Seongnam,韩国,4766
119.204.63.188:50001,119.204.63.188,50001,KR,Seongnam,韩国,4766
121.162.90.43:50001,121.162.90.43,50001,KR,Seongnam,韩国,4766
59.6.66.9:50001,59.6.66.9,50001,KR,Guri,韩国,4766
59.10.63.62:50001,59.10.63.62,50001,KR,Seongnam,韩国,4766
115.23.70.43:50001,115.23.70.43,50001,KR,Seongnam,韩国,4766
222.104.130.83:50001,222.104.130.83,50001,KR,Seongnam,韩国,4766
59.0.206.109:50001,59.0.206.109,50001,KR,Seongnam,韩国,4766
175.208.247.209:50001,175.208.247.209,50001,KR,Guri,韩国,4766
61.73.71.146:50001,61.73.71.146,50001,KR,Seongnam,韩国,4766
211.198.18.14:50001,211.198.18.14,50001,KR,Seongnam,韩国,4766
119.201.99.189:50001,119.201.99.189,50001,KR,Seongnam,韩国,4766
210.97.0.196:50001,210.97.0.196,50001,KR,Seongnam,韩国,4766
218.150.255.76:50001,218.150.255.76,50001,KR,Seongnam,韩国,4766
121.177.172.206:50001,121.177.172.206,50001,KR,Seongnam,韩国,4766
121.188.7.30:50001,121.188.7.30,50001,KR,Cheongju,韩国,4766
125.132.249.24:50001,125.132.249.24,50001,KR,Seongnam,韩国,4766
121.184.240.75:50001,121.184.240.75,50001,KR,Seongnam,韩国,4766
121.156.81.123:50001,121.156.81.123,50001,KR,Seongnam,韩国,4766
218.148.233.20:50001,218.148.233.20,50001,KR,Seongnam,韩国,4766
220.92.213.5:50001,220.92.213.5,50001,KR,Seongnam,韩国,4766
121.154.1.207:50001,121.154.1.207,50001,KR,Seongnam,韩国,4766
175.200.121.85:50001,175.200.121.85,50001,KR,Seongnam,韩国,4766
61.79.85.93:50001,61.79.85.93,50001,KR,Seongnam,韩国,4766
125.139.107.37:50001,125.139.107.37,50001,KR,Jeonju,韩国,4766
59.7.28.109:50001,59.7.28.109,50001,KR,Seongnam,韩国,4766
14.43.128.57:50001,14.43.128.57,50001,KR,Seongnam,韩国,4766
59.29.207.11:50001,59.29.207.11,50001,KR,Seongnam,韩国,4766
175.214.72.20:50001,175.214.72.20,50001,KR,Seongnam,韩国,4766
121.175.53.28:50001,121.175.53.28,50001,KR,Seongnam,韩国,4766
220.81.253.206:50001,220.81.253.206,50001,KR,Seongnam,韩国,4766
119.201.102.246:50001,119.201.102.246,50001,KR,Seongnam,韩国,4766
220.118.39.235:50001,220.118.39.235,50001,KR,Seongnam,韩国,4766
59.11.211.50:50001,59.11.211.50,50001,KR,Seongnam,韩国,4766
220.74.26.105:50001,220.74.26.105,50001,KR,Anyang,韩国,4766
118.43.162.107:50001,118.43.162.107,50001,KR,Seongnam,韩国,4766
118.43.180.81:50001,118.43.180.81,50001,KR,Seongnam,韩国,4766
125.139.225.100:50001,125.139.225.100,50001,KR,Seongnam,韩国,4766
61.81.124.34:50001,61.81.124.34,50001,KR,Seongnam,韩国,4766
118.40.95.156:50001,118.40.95.156,50001,KR,Seongnam,韩国,4766
220.75.251.69:50001,220.75.251.69,50001,KR,Guri,韩国,4766
59.1.211.230:50001,59.1.211.230,50001,KR,Seongnam,韩国,4766
211.48.186.167:50001,211.48.186.167,50001,KR,Seongnam,韩国,4766
221.144.146.240:50001,221.144.146.240,50001,KR,Seongnam,韩国,4766
221.148.135.215:50001,221.148.135.215,50001,KR,Guri,韩国,4766
211.184.21.237:50001,211.184.21.237,50001,KR,Seongnam,韩国,4766
121.155.154.142:50001,121.155.154.142,50001,KR,Seongnam,韩国,4766
121.132.24.233:50001,121.132.24.233,50001,KR,Seongnam,韩国,4766
14.46.185.100:50001,14.46.185.100,50001,KR,Seongnam,韩国,4766
121.166.241.223:50001,121.166.241.223,50001,KR,Seongnam,韩国,4766
218.154.169.9:50001,218.154.169.9,50001,KR,Seongnam,韩国,4766
121.134.146.230:50001,121.134.146.230,50001,KR,Seongnam,韩国,4766
175.212.200.252:50001,175.212.200.252,50001,KR,Suwon,韩国,4766
121.186.114.82:50001,121.186.114.82,50001,KR,Seongnam,韩国,4766
121.177.222.9:50001,121.177.222.9,50001,KR,Seongnam,韩国,4766
118.43.90.224:50001,118.43.90.224,50001,KR,Seongnam,韩国,4766
112.185.160.220:50001,112.185.160.220,50001,KR,Seongnam,韩国,4766
220.94.179.140:50001,220.94.179.140,50001,KR,Seongnam,韩国,4766
121.183.88.224:50001,121.183.88.224,50001,KR,Seongnam,韩国,4766
183.103.251.116:50001,183.103.251.116,50001,KR,Seongnam,韩国,4766
121.184.134.236:50001,121.184.134.236,50001,KR,Seongnam,韩国,4766
222.117.2.208:50001,222.117.2.208,50001,KR,Seongnam,韩国,4766
222.119.10.31:50001,222.119.10.31,50001,KR,Seongnam,韩国,4766
183.96.228.8:50001,183.96.228.8,50001,KR,Seongnam,韩国,4766
175.206.161.33:50001,175.206.161.33,50001,KR,Sokcho,韩国,4766
211.194.123.196:50001,211.194.123.196,50001,KR,Seongnam,韩国,4766
220.93.78.74:50001,220.93.78.74,50001,KR,Seongnam,韩国,4766
14.51.152.19:50001,14.51.152.19,50001,KR,Seongnam,韩国,4766
121.154.238.144:50001,121.154.238.144,50001,KR,Seongnam,韩国,4766
211.63.170.125:50001,211.63.170.125,50001,KR,Seongnam,韩国,4766
59.1.88.192:50001,59.1.88.192,50001,KR,Seongnam,韩国,4766
183.108.183.243:50001,183.108.183.243,50001,KR,Seongnam,韩国,4766
112.161.173.67:50001,112.161.173.67,50001,KR,Seongnam,韩国,4766
125.137.215.221:50001,125.137.215.221,50001,KR,Seongnam,韩国,4766
175.204.234.207:50001,175.204.234.207,50001,KR,Seongnam,韩国,4766
115.22.253.113:50001,115.22.253.113,50001,KR,Jinju,韩国,4766
